<?xml version="1.0" encoding="utf-8" standalone="yes"?>
<rss version="2.0" xmlns:atom="http://www.w3.org/2005/Atom">
  <channel>
    <title>Labs on oxyLab</title>
    <link>https://oxylab.ml/lab/</link>
    <description>Recent content in Labs on oxyLab</description>
    <generator>Hugo -- gohugo.io</generator>
    <lastBuildDate>Wed, 23 Nov 2022 16:14:30 +0100</lastBuildDate><atom:link href="https://oxylab.ml/lab/index.xml" rel="self" type="application/rss+xml" />
    <item>
      <title>Demo1jgqp</title>
      <link>https://oxylab.ml/lab/demo1/</link>
      <pubDate>Wed, 23 Nov 2022 16:14:30 +0100</pubDate>
      
      <guid>https://oxylab.ml/lab/demo1/</guid>
      <description></description>
    </item>
    
  </channel>
</rss>
