<?xml version="1.0" encoding="utf-8" standalone="yes"?>
<rss version="2.0" xmlns:atom="http://www.w3.org/2005/Atom">
  <channel>
    <title>Categories on oxyLab</title>
    <link>https://oxylab.ml/categories/</link>
    <description>Recent content in Categories on oxyLab</description>
    <generator>Hugo -- gohugo.io</generator>
    <lastBuildDate>Tue, 22 Nov 2022 12:21:36 +0100</lastBuildDate><atom:link href="https://oxylab.ml/categories/index.xml" rel="self" type="application/rss+xml" />
    <item>
      <title>Hugo Themes</title>
      <link>https://oxylab.ml/categories/hugo-themes/</link>
      <pubDate>Tue, 22 Nov 2022 12:21:36 +0100</pubDate>
      
      <guid>https://oxylab.ml/categories/hugo-themes/</guid>
      <description></description>
    </item>
    
  </channel>
</rss>
