<?xml version="1.0" encoding="utf-8" standalone="yes"?>
<rss version="2.0" xmlns:atom="http://www.w3.org/2005/Atom">
  <channel>
    <title>Tags on oxyLab</title>
    <link>https://oxylab.ml/tags/</link>
    <description>Recent content in Tags on oxyLab</description>
    <generator>Hugo -- gohugo.io</generator>
    <lastBuildDate>Tue, 22 Nov 2022 12:21:36 +0100</lastBuildDate><atom:link href="https://oxylab.ml/tags/index.xml" rel="self" type="application/rss+xml" />
    <item>
      <title>1</title>
      <link>https://oxylab.ml/tags/1/</link>
      <pubDate>Tue, 22 Nov 2022 12:21:36 +0100</pubDate>
      
      <guid>https://oxylab.ml/tags/1/</guid>
      <description></description>
    </item>
    
    <item>
      <title>2</title>
      <link>https://oxylab.ml/tags/2/</link>
      <pubDate>Tue, 22 Nov 2022 12:21:36 +0100</pubDate>
      
      <guid>https://oxylab.ml/tags/2/</guid>
      <description></description>
    </item>
    
  </channel>
</rss>
